Symbol,Z,A,Abundance,MT,Reaction,Max_XS,XS_ENDF-VIII.1,XS_JENDL,XS_JEFF,Daughter_Isotope,Decay_Constant_Lambda,Manual Value,Relative change,Unnamed: 15,
H,1,1,0.99999,102,"n,g",0.333190116,0.333190116,0.333190116,0.332617513,H-2,,0.332587,-0.001813408,Revisar bien abundancias,
H,1,2,0.00028,102,"n,g",0.000551002,0.000506902,0.000551002,0.000505035,H-3,1.78E-09,0.000550005,-0.001812711,,
He,2,3,2.00E-06,103,"n,p",5337.702352,5325.677265,5337.702352,5325.677265,H-3,1.78E-09,,#DIV/0!,,
He,2,3,2.00E-06,102,"n,g",5.51E-05,5.51E-05,5.41E-05,5.51E-05,He-4,,5.50E-05,-0.002049564,,
Li,3,7,0.981,102,"n,g",0.045619831,0.045583514,0.045619831,0.045482856,Li-8,0.825175215,0.045402,-0.004797828,,
Li,3,6,0.078,102,"n,g",0.038634527,0.038570146,0.038634527,0.038570146,Li-7,,0.0385003,-0.003486388,,
Be,4,9,1,102,"n,g",0.00879029,0.008373892,0.008505468,0.00879029,Be-10,1.45E-14,0.0100308,0.123670096,,
B,5,10,0.204,107,"n,a",3851.153068,3851.153068,3846.899059,3849.537707,Li-7,,,#DIV/0!,,
B,5,10,0.204,102,"n,g",0.501290998,0.396766961,0.501290998,0.500898278,B-11,,0.500004,-0.002573975,,
B,5,11,0.811,102,"n,g",0.005542904,0.005542904,0.005112791,0.005542904,B-12,,0.00550004,-0.007793398,,
B,5,10,0.204,103,"n,p",0.003007746,0.000567029,0.003007746,0.000567029,Be-10,1.45E-14,,#DIV/0!,,
C,6,12,0.9904,102,"n,g",0.003902125,0.0038604,0.003902125,,C-13,,0.00387747,-0.006358528,,
C,6,13,0.0116,102,"n,g",0.001500254,0.001500254,0.001494661,0.001367248,C-14,3.85E-12,0.00150028,1.73E-05,,
N,7,14,0.99663,103,"n,p",1.933516691,1.83042806,1.933516691,1.83042806,C-14,3.85E-12,,#DIV/0!,,
N,7,14,0.99663,102,"n,g",0.075136626,0.07513553,0.075136626,0.07513553,N-15,,0.0750004,-0.001816337,,
N,7,15,0.00422,102,"n,g",2.40E-05,2.40E-05,2.38E-05,2.40E-05,N-16,0.097215593,2.40E-05,0.00041233,,
O,8,17,0.0004,107,"n,a",0.244712154,0.236266789,0.244712154,0.235,C-14,3.85E-12,,#DIV/0!,,
O,8,17,0.0004,102,"n,g",0.003850095,0.003850095,0.000672483,0.000555119,O-18,,0.00382862,-0.005609071,,
O,8,16,0.99776,102,"n,g",0.000190901,0.000169836,0.000190212,0.000190901,O-17,,0.000189986,-0.004816144,,
O,8,18,0.00222,102,"n,g",0.000161494,0.000161494,0.000140817,0.000158987,O-19,0.025757978,0.000158966,-0.015902772,,
O,8,16,0.99776,107,"n,a",2.75E-32,,2.75E-32,,C-13,,,#DIV/0!,,
F,9,19,1,102,"n,g",0.009607304,0.0095699,0.009587298,0.009607304,F-20,0.062109962,0.00957834,-0.003023906,,
Ne,10,21,0.0027,102,"n,g",0.692950333,0.66875744,0.692950333,0.66875744,Ne-22,,0.691696,-0.001813417,,
Ne,10,21,0.0027,107,"n,a",0.692950333,0.66875744,0.692950333,0.000181743,O-18,,,#DIV/0!,,
Ne,10,22,0.0925,102,"n,g",0.052797442,0.045577017,0.052797442,0.045577017,Ne-23,0.018612975,0.0527019,-0.001812876,,
Ne,10,20,0.9048,102,"n,g",0.036940716,0.036940716,0.036868142,0.036940716,Ne-21,,0.0368739,-0.001812013,,
Na,11,23,1,102,"n,g",0.533675684,0.528,0.533675684,0.524788376,Na-24,1.29E-05,0.531551,-0.00399714,,
Mg,12,25,0.10034,102,"n,g",0.1907167,0.1907167,0.1907167,0.1907167,Mg-26,,0.190374,-0.001800141,,
Mg,12,24,0.7905,102,"n,g",0.050380298,0.050380298,0.050380298,0.050380298,Mg-25,,0.0502894,-0.001807498,,
Mg,12,26,0.1109,102,"n,g",0.038378532,0.038378532,0.038378532,0.038378532,Mg-27,0.001221448,0.03831,-0.00178888,,
Al,13,27,1,102,"n,g",0.233882507,0.233882507,0.23130139,0.233882507,Al-28,0.005155044,0.233463,-0.001796889,,
Si,14,28,0.92318,102,"n,g",0.1861753,0.1861753,0.169439852,0.169439663,Si-29,,0.169141,-0.10071065,,
Si,14,29,0.04699,102,"n,g",0.120173564,0.119614795,0.120173564,0.120173453,Si-30,,0.119961,-0.001771943,,
Si,14,30,0.0311,102,"n,g",0.108018325,0.108018325,0.107268239,0.107274463,Si-31,7.35E-05,0.107085,-0.00871574,,
P,15,31,1,102,"n,g",0.170166279,0.170166279,0.166480097,0.164788471,P-32,5.63E-07,0.169361,-0.004754808,,
S,16,32,0.9529,102,"n,g",0.529143792,0.529143792,0.529143792,0.524600067,S-33,,0.528215,-0.00175836,,
S,16,33,0.00797,102,"n,g",0.44979617,0.350674543,0.350674543,0.44979617,S-34,,0.449023,-0.001721894,,
S,16,34,0.0477,102,"n,g",0.256491337,0.223999584,0.223999584,0.256491337,S-35,9.17E-08,0.256054,-0.001707987,,
S,16,36,0.000187,102,"n,g",0.236222495,0.150269518,0.150269518,0.236222495,S-37,0.002287614,0.235815,-0.001728028,,
S,16,33,0.00797,107,"n,a",0.168621,0.168621,0.168621,0.115596384,Si-30,,,,,
S,16,32,0.9529,107,"n,a",0.007033271,0.007,0.007,0.007033271,Si-29,,,,,
S,16,33,0.00797,103,"n,p",0.002010511,0.00161194,0.00161194,0.002010511,P-33,3.17E-07,,,,
Cl,17,35,0.761,102,"n,g",43.67991426,43.67991426,43.67991426,43.67990535,Cl-36,7.30E-14,43.6122,-0.001552645,,
Cl,17,35,0.761,103,"n,p",0.479998284,0.479998284,0.479998284,0.479998284,S-35,9.17E-08,,,,
Cl,17,37,0.245,102,"n,g",0.435471917,0.434949793,0.435471917,0.433750854,Cl-38,0.000310216,0.433122,-0.005425531,,
Cl,17,35,0.761,107,"n,a",8.02E-05,8.02E-05,8.01E-05,8.02E-05,P-32,5.63E-07,,,,
Ar,18,36,0.0207,102,"n,g",5.264417425,5.051550838,5.264417425,5.204271966,Ar-37,2.29E-07,5.24318,-0.004050486,,
Ar,18,38,0.043,102,"n,g",0.827084635,0.806875085,0.827084635,0.800771769,Ar-39,8.17E-11,0.825781,-0.001578669,,
Ar,18,40,1,102,"n,g",0.661182609,0.661182609,0.661182609,0.661182609,Ar-41,0.000105792,0.660152,-0.001561169,,
Ar,18,36,0.0207,107,"n,a",0.005578587,,0.005578587,0.005522244,S-33,,,,,
Ar,18,36,0.0207,103,"n,p",0.00151592,,0.00151592,0.001506091,Cl-36,7.30E-14,,,,
Ar,18,38,0.043,103,"n,p",0,,0,0,Cl-38,0.000310216,,,,
K,19,40,0.000117,102,"n,g",90.1639723,30.05465483,90.1639723,30.01680014,K-41,,90.0295,-0.001493647,,Average relative error
K,19,40,0.000117,103,"n,p",4.407962764,4.406826344,4.407962764,4.40366288,Ar-40,,,,,
K,19,39,0.932581,102,"n,g",2.130624505,2.130624505,2.130624505,2.113252155,K-40,1.76E-17,2.12742,-0.001506287,,
K,19,41,0.067302,102,"n,g",1.463215993,1.463215993,1.463215993,1.445356542,K-42,1.56E-05,1.46113,-0.001427657,,-0.23%
K,19,40,0.000117,107,"n,a",0.391050284,0.390184696,0.390710492,0.391050284,Cl-37,,,,,
K,19,39,0.932581,107,"n,a",0.004351976,0.004300776,0.004307824,0.004351976,Cl-36,7.30E-14,,,,
K,19,39,0.932581,103,"n,p",5.62E-09,,5.62E-09,1.02E-20,Ar-39,8.17E-11,,,,
K,19,41,0.067302,107,"n,a",0,,0,,Cl-38,0.000310216,,,,
Ca,20,43,0.00135,102,"n,g",11.6838924,11.6838924,6.213335412,6.199661364,Ca-44,,,,,
Ca,20,48,0.00187,102,"n,g",1.094672075,1.094672075,1.094672075,1.08771947,Ca-49,0.001325127,,,,
Ca,20,44,0.02086,102,"n,g",0.89769445,0.889962266,0.889962266,0.89769445,Ca-45,4.93E-08,,,,
Ca,20,46,4.00E-05,102,"n,g",0.741348237,0.741012365,0.741348237,0.740260327,Ca-47,1.77E-06,,,,
Ca,20,42,0.00647,102,"n,g",0.684219286,0.684219286,0.684219286,0.680958304,Ca-43,,,,,
Ca,20,40,0.96941,102,"n,g",0.412016679,0.41069925,0.408237893,0.412016679,Ca-41,2.15E-13,0.41136,-0.001596361,,
Ca,20,40,0.96941,107,"n,a",0.002513309,0.002486018,,0.002513309,Ar-37,2.29E-07,,,,
Ca,20,43,0.00135,107,"n,a",0.000204421,0.000204421,,0.000196052,Ar-40,,,,,
Ca,20,42,0.00647,107,"n,a",1.00E-20,1.00E-20,,1.00E-20,Ar-39,8.17E-11,,,,
Sc,21,45,1,102,"n,g",27.24308819,27.20650756,27.18753996,27.24308819,Sc-46,9.57E-08,,,,
Sc,21,45,1,103,"n,p",0.001011168,,,0.001011168,Ca-45,4.93E-08,,,,
Ti,22,48,0.7372,102,"n,g",8.330712954,8.330701172,8.330701172,8.330712954,Ti-49,,,,,
Ti,22,49,0.0541,102,"n,g",1.86567315,1.86567315,1.86567315,1.863710759,Ti-50,,,,,
Ti,22,47,0.0744,102,"n,g",1.628903699,1.628903699,1.628903699,1.628352033,Ti-48,,,,,
Ti,22,46,0.0825,102,"n,g",0.609330915,0.590685669,0.590685669,0.609330915,Ti-47,,,,,
Ti,22,50,0.0518,102,"n,g",0.181091906,0.179817374,0.179817374,0.181091906,Ti-51,0.002005634,,,,
Ti,22,47,0.0744,107,"n,a",8.28E-07,,6.40E-12,8.28E-07,Ca-44,,,,,
Ti,22,47,0.0744,103,"n,p",7.14E-14,,7.14E-14,1.00E-20,Sc-47,2.40E-06,,,,
Ti,22,49,0.0541,107,"n,a",1.00E-20,,,1.00E-20,Ca-46,,,,,
Ti,22,50,0.0518,103,"n,p",0,,0,,Sc-50,,,,,
V,23,50,0.0025,102,"n,g",45.0266194,44.75458052,44.75458052,45.0266194,V-51,,,,,
V,23,51,0.9975,102,"n,g",5.002904673,4.921625377,4.926161279,5.002904673,V-52,0.003086415,,,,
V,23,50,0.0025,103,"n,p",0.000711294,0.000711294,0.000711294,0.000398252,Ti-50,,,,,
V,23,50,0.0025,107,"n,a",1.02E-20,,,1.02E-20,Sc-47,2.40E-06,,,,
Cr,24,53,0.09501,102,"n,g",19.4210803,19.4210803,18.43917168,18.11970933,Cr-54,,,,,
Cr,24,50,0.04345,102,"n,g",15.42745342,15.24729163,15.42745342,15.42745342,Cr-51,2.90E-07,,,,
Cr,24,52,0.83789,102,"n,g",0.857165689,0.856759004,0.857165689,0.857165689,Cr-53,,,,,
Cr,24,54,0.02365,102,"n,g",0.41181904,0.41181904,0.41181904,0.41181904,Cr-55,0.003303532,,,,
Mn,25,55,1,102,"n,g",13.29867105,13.29867105,13.29392113,13.29630656,Mn-56,7.47E-05,,,,
Fe,26,56,0.91754,102,"n,g",2.605151464,2.581169124,2.605151464,2.590149691,Fe-57,,,,,
Fe,26,57,0.02119,102,"n,g",2.485547628,2.485547628,2.485547628,2.466812106,Fe-58,,,,,
Fe,26,54,0.05845,102,"n,g",2.257337727,2.257337727,2.25724671,2.255413899,Fe-55,8.03E-09,,,,
Fe,26,58,0.00282,102,"n,g",1.316710538,1.316710538,1.316710538,1.316710538,Fe-59,1.80E-07,,,,
Fe,26,57,0.02119,107,"n,a",4.38E-07,,2.68E-07,4.38E-07,Cr-54,,,,,
Fe,26,54,0.05845,107,"n,a",3.00E-20,,,3.00E-20,Cr-51,2.90E-07,,,,
Fe,26,54,0.05845,103,"n,p",2.00E-20,,,2.00E-20,Mn-54,2.57E-08,,,,
Fe,26,58,0.00282,103,"n,p",0,0,0,0,Mn-58,,,,,
Co,27,59,1,102,"n,g",37.36316564,37.23877863,37.36316564,37.23877863,Co-60,4.17E-09,,,,
Ni,28,62,0.036345,102,"n,g",14.92663563,14.92663563,14.92663563,14.22396461,Ni-63,2.19E-10,,,,
Ni,28,58,0.680769,102,"n,g",4.628277756,4.22492,4.233533152,4.628277756,Ni-59,2.89E-13,,,,
Ni,28,60,0.262231,102,"n,g",2.76867853,2.404539796,2.404539796,2.76867853,Ni-61,,,,,
Ni,28,61,0.011399,102,"n,g",2.513142137,2.513142137,2.513142137,2.513142137,Ni-62,,,,,
Ni,28,64,0.009256,102,"n,g",1.482655464,1.482655464,1.482655464,1.482655464,Ni-65,7.65E-05,,,,
Ni,28,60,0.262231,107,"n,a",3.04E-06,,,3.04E-06,Fe-57,,,,,
Ni,28,58,0.680769,107,"n,a",6.67E-15,,,6.67E-15,Fe-55,8.03E-09,,,,
Cu,29,63,0.6915,102,"n,g",4.530107895,4.488469229,4.513589864,4.530107895,Cu-64,1.52E-05,,,,
Cu,29,65,0.3085,102,"n,g",2.149114983,2.149114983,2.132068927,2.132068927,Cu-66,0.002256338,,,,
Cu,29,63,0.6915,103,"n,p",1.43E-05,,1.43E-05,4.23E-13,Ni-63,2.19E-10,,,,
Cu,29,63,0.6915,107,"n,a",4.66E-15,,4.66E-15,,Co-60,4.17E-09,,,,
Zn,30,67,0.0404,102,"n,g",7.566588668,7.50232459,7.482999188,7.566588668,Zn-68,,,,,
Zn,30,68,0.1845,102,"n,g",1.073812504,1.066976242,1.066976242,1.073812504,Zn-69,0.000204831,,,,
Zn,30,64,0.4917,102,"n,g",0.794096938,0.7871295,0.788563525,0.794096938,Zn-65,3.29E-08,,,,
Zn,30,66,0.2773,102,"n,g",0.622991292,0.618901,0.618901,0.622991292,Zn-67,,,,,
Zn,30,70,0.0061,102,"n,g",0.09187199,0.09187199,0.09187199,0.091671375,Zn-71,0.004715287,,,,
Zn,30,67,0.0404,103,"n,p",0.001236458,0.001236458,,1.00E-20,Cu-67,3.11E-06,,,,
Zn,30,67,0.0404,107,"n,a",0.000160251,0.000151682,0.00015929,0.000160251,Ni-64,,,,,
Zn,30,66,0.2773,107,"n,a",2.01E-05,2.05E-09,4.93E-10,2.01E-05,Ni-63,2.19E-10,,,,
Zn,30,68,0.1845,107,"n,a",2.01E-05,,,2.01E-05,Ni-65,7.65E-05,,,,
Zn,30,64,0.4917,107,"n,a",1.11E-05,1.11E-05,1.10E-05,1.10E-05,Ni-61,,,,,
Zn,30,64,0.4917,103,"n,p",1.00E-20,,,1.00E-20,Cu-64,1.52E-05,,,,
Zn,30,68,0.1845,103,"n,p",0,,0,0,Cu-68,,,,,
Ga,31,71,0.39892,102,"n,g",4.738647198,4.738647198,4.215717059,4.600610941,Ga-72,1.37E-05,,,,
Ga,31,69,0.60108,102,"n,g",1.748213134,1.733104861,1.720414437,1.748213134,Ga-70,0.000546474,,,,
Ga,31,69,0.60108,107,"n,a",1.61E-09,7.45E-11,,1.61E-09,Cu-66,0.002256338,,,,
Ga,31,71,0.39892,107,"n,a",1.00E-20,,,1.00E-20,Cu-68,,,,,
Ga,31,69,0.60108,103,"n,p",0,,0,0,Zn-69,0.000204831,,,,
Ge,32,73,0.0776,102,"n,g",14.73979648,14.72690502,14.72690502,14.73979648,Ge-74,,,,,
Ge,32,70,0.2052,102,"n,g",3.0642,3.057070107,3.057070107,3.0642,Ge-71,7.02E-07,,,,
Ge,32,72,0.2745,102,"n,g",0.887297054,0.887297054,0.887297054,0.886804767,Ge-73,,,,,
Ge,32,74,0.3652,102,"n,g",0.519796014,0.519796014,0.519796014,0.519013846,Ge-75,0.000139556,,,,
Ge,32,76,0.0775,102,"n,g",0.154873573,0.154873573,0.154873573,0.154750693,Ge-77,1.70E-05,,,,
Ge,32,73,0.0776,107,"n,a",8.90E-06,,,8.90E-06,Zn-70,,,,,
Ge,32,70,0.2052,107,"n,a",8.13E-08,,,8.13E-08,Zn-67,,,,,
Ge,32,72,0.2745,107,"n,a",1.00E-20,,,1.00E-20,Zn-69,0.000204831,,,,
As,33,75,1,102,"n,g",4.508166137,4.508166137,4.158574058,4.110570957,As-76,7.44E-06,,,,
As,33,75,1,107,"n,a",1.00E-20,,,1.00E-20,Ga-72,1.37E-05,,,,
Se,34,76,0.0923,102,"n,g",85.15198131,85.15198131,85.15198131,84.92489343,Se-77,,,,,
Se,34,74,0.0086,102,"n,g",52.53250641,51.89250292,51.89250292,52.53250641,Se-75,6.70E-08,,,,
Se,34,77,0.076,102,"n,g",42.0754514,42.0754514,41.07758609,41.56368698,Se-78,,,,,
Se,34,80,0.498,102,"n,g",0.611091286,0.611091286,0.611091286,0.577857759,Se-81,0.000626149,,,,
Se,34,78,0.2369,102,"n,g",0.430769555,0.430769555,0.430769555,0.428666357,Se-79,6.72E-14,,,,
Se,34,82,0.0882,102,"n,g",0.044492159,0.044492159,0.04427906,0.043930126,Se-83,0.000518047,,,,
Se,34,77,0.076,107,"n,a",0.00097315,,,0.00097315,Ge-74,,,,,
Se,34,74,0.0086,107,"n,a",3.11E-06,,,3.11E-06,Ge-71,7.02E-07,,,,
Se,34,76,0.0923,107,"n,a",1.00E-20,,,1.00E-20,Ge-73,,,,,
Se,34,77,0.076,103,"n,p",1.00E-20,,,1.00E-20,As-77,4.96E-06,,,,
Se,34,78,0.2369,107,"n,a",1.00E-20,,,1.00E-20,Ge-75,0.000139556,,,,
Br,35,79,0.508,102,"n,g",11.01981616,11.01981616,11.01981616,10.37734423,Br-80,0.000653419,,,,
Br,35,81,0.495,102,"n,g",2.37254534,2.368539432,2.359539807,2.37254534,Br-82,5.46E-06,,,,
Br,35,79,0.508,103,"n,p",5.21E-10,,,5.21E-10,Se-79,6.72E-14,,,,
Br,35,79,0.508,107,"n,a",1.00E-20,,,1.00E-20,As-76,7.44E-06,,,,
Br,35,81,0.495,107,"n,a",1.00E-20,,,1.00E-20,As-78,,,,,
Kr,36,83,0.115,102,"n,g",202.6930034,198.5008444,202.6930034,197.6471717,Kr-84,,,,,
Kr,36,82,0.11593,102,"n,g",19.19533674,19.19533674,19.10455665,18.96032493,Kr-83,,,,,
Kr,36,80,0.02286,102,"n,g",11.54233377,11.52060498,11.52060498,11.54233377,Kr-81,9.59E-14,,,,
Kr,36,78,0.00355,102,"n,g",6.33875834,4.739401177,4.739401177,6.33875834,Kr-79,5.49E-06,,,,
Kr,36,84,0.56987,102,"n,g",0.110204987,0.110190395,0.110204987,0.109858417,Kr-85,2.04E-09,,,,
Kr,36,86,0.17279,102,"n,g",0.003025706,0.003025706,0.002999415,0.002964307,Kr-87,0.000151408,,,,
Kr,36,78,0.00355,107,"n,a",2.43E-07,,,2.43E-07,Se-75,6.70E-08,,,,
Kr,36,83,0.115,107,"n,a",3.85E-08,1.07E-16,,3.85E-08,Se-80,,,,,
Kr,36,80,0.02286,107,"n,a",5.67E-13,,,5.67E-13,Se-77,,,,,
Kr,36,78,0.00355,103,"n,p",1.00E-20,,,1.00E-20,Br-78,,,,,
Kr,36,82,0.11593,107,"n,a",1.00E-20,,,1.00E-20,Se-79,6.72E-14,,,,
Rb,37,85,0.7217,102,"n,g",0.499655725,0.494323419,0.480862625,0.499655725,Rb-86,4.30E-07,,,,
Rb,37,87,0.2783,102,"n,g",0.123319097,0.120217267,0.120217267,0.123319097,Rb-88,0.000649744,,,,
Rb,37,85,0.7217,103,"n,p",1.00E-20,,,1.00E-20,Kr-85,2.04E-09,,,,
Rb,37,85,0.7217,107,"n,a",1.00E-20,,,1.00E-20,Br-82,5.46E-06,,,,
Sr,38,87,0.07,102,"n,g",17.14676121,16.02819158,17.05790151,17.14676121,Sr-88,,,,,
Sr,38,86,0.0986,102,"n,g",1.04189885,1.007009415,1.04189885,1.036114388,Sr-87,,,,,
Sr,38,84,0.0056,102,"n,g",0.828955888,0.82341076,0.828955888,0.820970839,Sr-85,1.24E-07,,,,
Sr,38,88,0.8258,102,"n,g",0.005799689,0.004062096,0.005799689,0.005776145,Sr-89,1.59E-07,,,,
Sr,38,87,0.07,107,"n,a",7.64E-10,,3.12E-16,7.64E-10,Kr-84,,,,,
Sr,38,87,0.07,103,"n,p",5.58E-13,,5.58E-13,7.53E-14,Rb-87,4.42E-19,,,,
Sr,38,84,0.0056,107,"n,a",7.85E-14,,2.81E-16,7.85E-14,Kr-81,9.59E-14,,,,
Sr,38,86,0.0986,107,"n,a",1.00E-20,,,1.00E-20,Kr-83,,,,,
Y,39,89,1,102,"n,g",1.285813485,1.280579666,1.285813485,1.280579666,Y-90,3.01E-06,,,,
Zr,40,91,0.1123,102,"n,g",1.310435768,1.207254229,1.310435768,1.2178709,Zr-92,,,,,
Zr,40,92,0.1716,102,"n,g",0.229584519,0.226742053,0.127202319,0.229584519,Zr-93,1.44E-14,,,,
Zr,40,94,0.1736,102,"n,g",0.050368865,0.050034094,0.050368865,0.04996065,Zr-95,1.25E-07,,,,
Zr,40,96,0.0278,102,"n,g",0.022885336,0.020345862,0.022341604,0.022885336,Zr-97,1.15E-05,,,,
Zr,40,90,0.5147,102,"n,g",0.010945839,0.010262847,0.010945839,0.009990977,Zr-91,,,,,
Zr,40,91,0.1123,107,"n,a",5.62E-05,5.62E-05,,5.55E-12,Sr-88,,,,,
Nb,41,93,1,102,"n,g",1.152724012,1.144060909,1.061301748,1.152724012,Nb-94,1.08E-12,,,,
Nb,41,93,1,107,"n,a",3.96E-06,,,3.96E-06,Y-90,3.01E-06,,,,
Nb,41,93,1,103,"n,p",3.51E-12,,,3.51E-12,Zr-93,1.44E-14,,,,
Mo,42,95,0.15873,102,"n,g",13.6647051,13.41687645,13.6647051,13.41687645,Mo-96,,,,,
Mo,42,97,0.09582,102,"n,g",2.49188244,2.200177367,2.49188244,2.49188244,Mo-98,,,,,
Mo,42,96,0.16673,102,"n,g",0.596464194,0.596464194,0.447704973,0.447704973,Mo-97,,,,,
Mo,42,94,0.09187,102,"n,g",0.340896053,0.340896053,0.339705249,0.339705249,Mo-95,,,,,
Mo,42,100,0.09744,102,"n,g",0.199384925,0.199384925,0.194106608,0.194106608,Mo-101,0.000790722,,,,
Mo,42,98,0.24292,102,"n,g",0.13234509,0.130209721,0.13234509,0.13234509,Mo-99,2.92E-06,,,,
Mo,42,92,0.14649,102,"n,g",0.080004891,0.080004891,0.061438478,0.061438478,Mo-93,5.49E-12,,,,
Mo,42,95,0.15873,107,"n,a",0.000171657,0.000171657,3.09E-05,0.000171657,Zr-92,,,,,
Mo,42,92,0.14649,103,"n,p",0,0,,,Nb-92,6.33E-16,,,,
Ru,44,98,0.0187,102,"n,g",8.014568751,8.014568751,4.007287535,7.978774883,Ru-99,,,,,
Ru,44,99,0.1276,102,"n,g",7.321866757,7.321866757,7.321866757,7.292888938,Ru-100,,,,,
Ru,44,100,0.126,102,"n,g",5.880383692,5.800629124,5.851195818,5.880383692,Ru-101,,,,,
Ru,44,101,0.1706,102,"n,g",5.239933984,5.233450536,5.239933984,5.202676288,Ru-102,,,,,
Ru,44,102,0.3155,102,"n,g",1.272073571,1.272073571,1.179917201,1.272073571,Ru-103,2.04E-07,,,,
Ru,44,104,0.1862,102,"n,g",0.472364178,0.472364178,0.469847944,0.472364178,Ru-105,4.34E-05,,,,
Ru,44,96,0.0554,102,"n,g",0.290528554,0.290528554,0.207377095,0.289227885,Ru-97,2.77E-06,,,,
Ru,44,99,0.1276,107,"n,a",0.00153333,,,0.00153333,Mo-96,,,,,
Ru,44,96,0.0554,107,"n,a",0.000129335,,,0.000129335,Mo-93,5.49E-12,,,,
Ru,44,98,0.0187,107,"n,a",4.44E-05,,,4.44E-05,Mo-95,,,,,
Ru,44,101,0.1706,107,"n,a",1.50E-07,,,1.50E-07,Mo-98,,,,,
Ru,44,100,0.126,107,"n,a",5.30E-09,,,5.30E-09,Mo-97,,,,,
Ru,44,96,0.0554,103,"n,p",1.00E-20,,,1.00E-20,Tc-96,,,,,
Ru,44,99,0.1276,103,"n,p",1.00E-20,,,1.00E-20,Tc-99,3.20E-05,,,,
Rh,45,103,1,102,"n,g",142.8592794,142.8334811,142.7496573,142.8592794,Rh-104,0.002661856,,,,
Rh,45,103,1,107,"n,a",3.50E-10,,3.50E-10,3.71E-15,Tc-100,,,,,
Rh,45,103,1,103,"n,p",3.78E-22,,,3.78E-22,Ru-103,2.04E-07,,,,
Pd,46,105,0.2233,102,"n,g",20.91287272,20.91287272,20.46739349,20.91287272,Pd-106,,,,,
Pd,46,108,0.2646,102,"n,g",8.493707534,8.493707534,8.05317435,8.493707534,Pd-109,1.41E-05,,,,
Pd,46,102,0.0102,102,"n,g",1.824576892,1.824576892,1.823396046,1.809163061,Pd-103,4.72E-07,,,,
Pd,46,110,0.1172,102,"n,g",0.732603382,0.229416877,0.225937361,0.732603382,Pd-111,0.000493695,,,,
Pd,46,104,0.1114,102,"n,g",0.649735579,0.649735579,0.625157385,0.649735579,Pd-105,,,,,
Pd,46,106,0.2733,102,"n,g",0.317532919,0.308755163,0.317532919,0.308755163,Pd-107,3.38E-15,,,,
Pd,46,105,0.2233,107,"n,a",0.000229719,,0.000229719,,Ru-102,,,,,
Pd,46,102,0.0102,107,"n,a",0.000105858,0.000105858,7.53E-06,2.42E-06,Ru-99,,,,,
Pd,46,104,0.1114,107,"n,a",4.63E-06,4.63E-06,1.35E-09,4.63E-06,Ru-101,,,,,
Pd,46,106,0.2733,107,"n,a",7.86E-08,7.86E-08,2.54E-15,7.86E-08,Ru-103,2.04E-07,,,,
Pd,46,108,0.2646,107,"n,a",2.16E-14,2.16E-14,4.31E-22,2.16E-14,Ru-105,4.34E-05,,,,
Pd,46,110,0.1172,107,"n,a",5.44E-16,5.44E-16,2.12E-25,1.00E-20,Ru-107,,,,,
Ag,47,109,0.48161,102,"n,g",90.87017108,90.38997306,90.38593545,90.87017108,Ag-110,3.21E-08,,,,
Ag,47,107,0.51839,102,"n,g",37.70537469,37.53365345,37.70537469,35.30480814,Ag-108,5.25E-11,,,,
Ag,47,107,0.51839,107,"n,a",1.53E-08,,1.41E-08,1.53E-08,Rh-104,0.002661856,,,,
Ag,47,107,0.51839,103,"n,p",1.48E-11,,1.48E-11,5.86E-12,Pd-107,3.38E-15,,,,
Ag,47,109,0.48161,107,"n,a",1.12E-12,,1.12E-12,,Rh-106,,,,,
Cd,48,113,0.12227,102,"n,g",20195.99108,19891.72197,20092.22839,20195.99108,Cd-114,,,#DIV/0!,,
Cd,48,110,0.1247,102,"n,g",11.07398684,11.01867529,11.07398684,11.01867529,Cd-111,,,,,
Cd,48,111,0.12795,102,"n,g",7.145061585,6.878646421,7.145061585,6.882446623,Cd-112,,,,,
Cd,48,112,0.24109,102,"n,g",2.201983314,2.201983314,2.196280675,2.201983314,Cd-113,1.56E-09,,,,
Cd,48,106,0.01245,102,"n,g",0.987463433,0.987463433,0.971228367,0.987463433,Cd-107,2.96E-05,,,,
Cd,48,108,0.00888,102,"n,g",0.907323219,0.907323219,0.787916951,0.907323219,Cd-109,1.74E-08,,,,
Cd,48,114,0.28754,102,"n,g",0.341024724,0.30591325,0.341024724,0.30591325,Cd-115,1.80E-07,,,,
Cd,48,116,0.07512,102,"n,g",0.076298874,0.076298874,0.074977409,0.075985403,Cd-117,7.73E-05,,,,
Cd,48,106,0.01245,107,"n,a",6.32E-13,,,6.32E-13,Pd-103,4.72E-07,,,,
Cd,48,106,0.01245,103,"n,p",1.79E-13,,,1.79E-13,Ag-106,,,,,
Cd,48,111,0.12795,107,"n,a",1.42E-14,,,1.42E-14,Pd-108,,,,,
Cd,48,108,0.00888,107,"n,a",1.95E-16,1.95E-16,,1.95E-16,Pd-105,,,,,
Cd,48,113,0.12227,107,"n,a",1.34E-16,,,1.34E-16,Pd-110,,,,,
Cd,48,110,0.1247,107,"n,a",1.49E-19,1.49E-19,,1.49E-19,Pd-107,3.38E-15,,,,
Cd,48,112,0.24109,107,"n,a",1.39E-20,1.39E-20,,1.39E-20,Pd-109,1.41E-05,,,,
Cd,48,114,0.28754,107,"n,a",1.77E-21,1.77E-21,,1.77E-21,Pd-111,0.000493695,,,,
Cd,48,116,0.07512,107,"n,a",1.20E-22,1.20E-22,,1.20E-22,Pd-113,,,,,
Cd,48,111,0.12795,103,"n,p",2.58E-33,,2.58E-33,,Ag-111,1.08E-06,,,,
Cd,48,112,0.24109,103,"n,p",6.41E-34,,6.41E-34,,Ag-112,,,,,
Cd,48,110,0.1247,103,"n,p",1.45E-34,,1.45E-34,,Ag-110,3.21E-08,,,,
Cd,48,116,0.07512,103,"n,p",7.76E-36,,7.76E-36,,Ag-116,,,,,
Cd,48,108,0.00888,103,"n,p",2.22E-36,,2.22E-36,,Ag-108,5.25E-11,,,,
In,49,115,0.95719,102,"n,g",202.473462,202.473462,201.3248671,201.3248671,In-116,0.000212792,,,,
In,49,113,0.04281,102,"n,g",12.10075345,12.10075345,12.10075345,12.10075345,In-114,1.62E-07,,,,
Sn,50,115,0.0034,102,"n,g",58.31672881,58.10753186,58.31672881,58.31672881,Sn-116,,,,,
Sn,50,119,0.0859,102,"n,g",2.17954276,2.17954276,2.17954276,2.17954276,Sn-120,,,,,
Sn,50,117,0.0768,102,"n,g",1.081908728,1.072415951,1.081908728,1.081908728,Sn-118,,,,,
Sn,50,112,0.0097,102,"n,g",0.861962222,0.851603787,0.861960701,0.861962222,Sn-113,6.97E-08,,,,
Sn,50,118,0.2422,102,"n,g",0.22016469,0.22016469,0.215874933,0.215875022,Sn-119,2.74E-08,,,,
Sn,50,122,0.0463,102,"n,g",0.146360246,0.146358768,0.13979366,0.146360246,Sn-123,6.21E-08,,,,
Sn,50,120,0.3258,102,"n,g",0.143213534,0.139767343,0.143213534,0.143213534,Sn-121,3.99E-10,,,,
Sn,50,124,0.0579,102,"n,g",0.136820564,0.136820564,0.135897708,0.129752291,Sn-125,8.32E-07,,,,
Sn,50,116,0.1454,102,"n,g",0.127893011,0.127893011,0.12533099,0.12533099,Sn-117,5.83E-07,,,,
Sn,50,114,0.0066,102,"n,g",0.125499771,0.125499771,0.125498449,0.125498449,Sn-115,,,,,
Sn,50,115,0.0034,107,"n,a",0.000196977,,0.000196977,0.000196977,Cd-112,,,,,
Sn,50,112,0.0097,107,"n,a",1.03E-06,,1.03E-06,1.03E-06,Cd-109,1.74E-08,,,,
Sn,50,117,0.0768,107,"n,a",3.21E-08,,3.21E-08,3.21E-08,Cd-114,,,,,
Sn,50,119,0.0859,107,"n,a",8.46E-11,8.46E-11,8.46E-11,8.46E-11,Cd-116,,,,,
Sn,50,114,0.0066,107,"n,a",6.69E-11,,6.69E-11,6.69E-11,Cd-111,,,,,
Sn,50,116,0.1454,107,"n,a",2.10E-16,,2.10E-16,2.10E-16,Cd-113,1.56E-09,,,,
Sn,50,118,0.2422,107,"n,a",9.73E-26,,9.73E-26,9.73E-26,Cd-115,1.80E-07,,,,
Sn,50,120,0.3258,107,"n,a",8.10E-28,,8.10E-28,8.10E-28,Cd-117,7.73E-05,,,,
Sn,50,122,0.0463,107,"n,a",1.03E-31,,1.03E-31,,Cd-119,,,,,
Sb,51,121,0.5721,102,"n,g",6.00210138,5.781022058,6.001676186,6.00210138,Sb-122,2.95E-06,,,,
Sb,51,123,0.4279,102,"n,g",4.194427641,3.880913984,4.194057901,4.194427641,Sb-124,1.33E-07,,,,
Te,52,123,0.0089,102,"n,g",419.7936183,419.7936183,418.8380169,418.9399483,Te-124,,,,,
Te,52,124,0.0474,102,"n,g",6.796789119,6.334006941,6.796789119,6.359363446,Te-125,1.40E-07,,,,
Te,52,122,0.0255,102,"n,g",4.014400168,4.014400168,4.014400168,3.924717438,Te-123,6.73E-08,,,,
Te,52,120,0.0009,102,"n,g",2.344262817,2.344262817,0.657195191,2.333780467,Te-121,4.18E-07,,,,
Te,52,125,0.0707,102,"n,g",1.294576149,1.288861246,1.294576149,1.291172453,Te-126,,,,,
Te,52,126,0.1884,102,"n,g",0.4444857,0.442952362,0.440738182,0.4444857,Te-127,7.36E-08,,,,
Te,52,128,0.3174,102,"n,g",0.200292499,0.200292499,0.186335778,0.199589214,Te-129,2.39E-07,,,,
Te,52,130,0.3408,102,"n,g",0.195947136,0.195535965,0.186508139,0.195947136,Te-131,6.42E-06,,,,
Te,52,123,0.0089,107,"n,a",0.016355966,4.67E-05,0.016355966,4.57E-05,Sn-120,,,,,
Te,52,120,0.0009,107,"n,a",2.00E-05,,4.36E-06,2.00E-05,Sn-117,5.83E-07,,,,
Te,52,125,0.0707,107,"n,a",2.34E-06,,2.34E-06,2.06E-06,Sn-122,,,,,
Te,52,122,0.0255,107,"n,a",1.64E-07,,1.26E-07,1.64E-07,Sn-119,2.74E-08,,,,
Te,52,124,0.0474,107,"n,a",5.36E-10,,1.58E-10,5.36E-10,Sn-121,3.99E-10,,,,
Te,52,123,0.0089,103,"n,p",3.94E-13,,1.08E-17,3.94E-13,Sb-123,,,,,
Te,52,126,0.1884,107,"n,a",1.01E-15,,4.88E-16,1.01E-15,Sn-123,6.21E-08,,,,
Te,52,125,0.0707,103,"n,p",1.00E-20,,,1.00E-20,Sb-125,7.96E-09,,,,
Te,52,128,0.3174,107,"n,a",1.00E-20,,1.57E-22,1.00E-20,Sn-125,8.32E-07,,,,
Te,52,130,0.3408,107,"n,a",1.00E-20,,,1.00E-20,Sn-127,,,,,
I,53,127,1,102,"n,g",6.412285722,6.155687979,6.412285722,5.809591386,I-128,0.000462283,,,,
I,53,127,1,107,"n,a",1.65E-08,1.65E-08,9.55E-12,5.19E-15,Sb-124,1.33E-07,,,,
I,53,127,1,103,"n,p",1.40E-08,1.40E-08,,1.29E-23,Te-127,7.36E-08,,,,
Xe,54,124,0.00095,102,"n,g",149.8589642,148.5971367,148.5971367,149.8589642,Xe-125,1.14E-05,,,,
Xe,54,131,0.21232,102,"n,g",99.81810396,90.16747832,99.81810396,87.2217237,Xe-132,,,,,
Xe,54,129,0.26401,102,"n,g",22.04329125,21.03739841,22.04329125,22.04329125,Xe-130,,,,,
Xe,54,128,0.0191,102,"n,g",5.212404997,5.200379864,5.212404997,5.212404997,Xe-129,9.03E-07,,,,
Xe,54,130,0.04071,102,"n,g",4.818762504,4.785987859,4.818762504,4.785987859,Xe-131,6.78E-07,,,,
Xe,54,126,0.00089,102,"n,g",4.279123527,3.492656722,4.279123527,3.492838622,Xe-127,2.21E-07,,,,
Xe,54,132,0.26909,102,"n,g",0.451347037,0.451347037,0.445796558,0.451347037,Xe-133,1.53E-06,,,,
Xe,54,134,0.10436,102,"n,g",0.265474107,0.265292006,0.265474107,0.265292006,Xe-135,2.11E-05,,,,
Xe,54,136,0.08857,102,"n,g",0.261126996,0.261126996,0.130232559,0.261126996,Xe-137,0.003024202,,,,
Xe,54,124,0.00095,107,"n,a",0.000129186,,,0.000129186,Te-121,4.18E-07,,,,
Xe,54,131,0.21232,107,"n,a",1.04E-05,,,1.04E-05,Te-128,,,,,
Xe,54,126,0.00089,107,"n,a",1.29E-07,,,1.29E-07,Te-123,6.73E-08,,,,
Xe,54,124,0.00095,103,"n,p",1.00E-20,,,1.00E-20,I-124,,,,,
Xe,54,132,0.26909,103,"n,p",2.45E-32,,2.45E-32,,I-132,,,,,
Cs,55,133,1,102,"n,g",32.24079022,29.09640046,32.24079022,29.09640046,Cs-134,1.06E-08,,,,
Cs,55,133,1,107,"n,a",1.11E-10,,1.11E-10,,I-130,,,,,
Ba,56,130,0.0011,102,"n,g",8.714459871,8.693364925,8.008343201,8.714459871,Ba-131,6.98E-07,,,,
Ba,56,132,0.001,102,"n,g",8.089046894,6.541514735,8.089046894,7.012751178,Ba-133,2.09E-09,,,,
Ba,56,135,0.0659,102,"n,g",5.880726581,5.880726581,5.806328332,5.806328332,Ba-136,,,,,
Ba,56,137,0.1123,102,"n,g",3.606723507,3.606723507,3.606723507,3.606723507,Ba-138,,,,,
Ba,56,134,0.0242,102,"n,g",1.503266698,1.503266698,1.503266698,1.503266698,Ba-135,6.71E-06,,,,
Ba,56,136,0.0785,102,"n,g",0.681406032,0.680562665,0.681406032,0.681406032,Ba-137,0.004530374,,,,
Ba,56,138,0.717,102,"n,g",0.404964709,0.404127367,0.404964709,0.404964709,Ba-139,0.000139086,,,,
Ba,56,135,0.0659,107,"n,a",3.71E-06,,3.71E-06,,Xe-132,,,,,
Ba,56,130,0.0011,107,"n,a",3.12E-06,,3.12E-06,,Xe-127,2.21E-07,,,,
Ba,56,132,0.001,107,"n,a",1.52E-07,,1.52E-07,,Xe-129,9.03E-07,,,,
Ba,56,137,0.1123,107,"n,a",1.02E-07,,1.02E-07,,Xe-134,,,,,
Ba,56,134,0.0242,107,"n,a",2.07E-10,,2.07E-10,,Xe-131,6.78E-07,,,,
Ba,56,136,0.0785,107,"n,a",6.65E-13,,6.65E-13,,Xe-133,1.53E-06,,,,
Ba,56,138,0.717,107,"n,a",9.31E-14,,9.31E-14,,Xe-135,2.11E-05,,,,
Ba,56,135,0.0659,103,"n,p",5.74E-22,,5.74E-22,,Cs-135,9.55E-15,,,,
La,57,138,0.0008881,102,"n,g",57.21752582,57.18577062,57.16214275,57.21752582,La-139,,,,,
La,57,139,0.9991119,102,"n,g",9.076775604,9.076775604,8.952691486,9.055407933,La-140,4.78E-06,,,,
La,57,138,0.0008881,107,"n,a",2.48E-05,,6.51E-06,2.48E-05,Cs-135,9.55E-15,,,,
La,57,138,0.0008881,103,"n,p",5.75E-06,,3.03E-09,5.75E-06,Ba-138,,,,,
La,57,139,0.9991119,107,"n,a",1.10E-09,1.10E-09,4.65E-11,,Cs-136,,,,,
Ce,58,136,0.00185,102,"n,g",7.526571284,7.468801876,4.245560183,7.526571284,Ce-137,,,,,
Ce,58,138,0.00251,102,"n,g",1.210830067,1.038727125,1.027,1.210830067,Ce-139,5.83E-08,,,,
Ce,58,142,0.11114,102,"n,g",0.976362075,0.976362075,0.96263714,0.96263714,Ce-143,5.83E-06,,,,
Ce,58,140,0.8845,102,"n,g",0.57949664,0.464461376,0.571195521,0.57949664,Ce-141,2.47E-07,,,,
Ce,58,136,0.00185,107,"n,a",1.07E-05,,2.89E-06,1.07E-05,Ba-133,2.09E-09,,,,
Ce,58,138,0.00251,107,"n,a",2.37E-08,,1.67E-08,2.37E-08,Ba-135,6.71E-06,,,,
Ce,58,140,0.8845,107,"n,a",1.42E-08,,,1.42E-08,Ba-137,0.004530374,,,,
Ce,58,136,0.00185,103,"n,p",1.00E-20,,2.79E-32,1.00E-20,La-136,,,,,
Pr,59,141,1,102,"n,g",11.52717785,11.52717785,11.49764248,11.52717785,Pr-142,1.01E-05,,,,
Pr,59,141,1,107,"n,a",0.000213282,,0.000213282,,La-138,,,,,
Nd,60,143,0.12174,102,"n,g",326.41241,325.7435953,326.41241,325.7476516,Nd-144,,,,,
Nd,60,145,0.08293,102,"n,g",50.08509058,42.0683752,49.6463073,50.08509058,Nd-146,,,,,
Nd,60,142,0.27152,102,"n,g",18.77610848,18.72871441,18.73285847,18.77610848,Nd-143,,,,,
Nd,60,144,0.23798,102,"n,g",3.631244882,3.600319057,3.631244882,3.600319057,Nd-145,,,,,
Nd,60,148,0.05756,102,"n,g",2.588367038,2.588367038,2.585536729,2.585536729,Nd-149,0.000111295,,,,
Nd,60,146,0.17189,102,"n,g",1.49234932,1.491973075,1.49234932,1.491973075,Nd-147,7.31E-07,,,,
Nd,60,150,0.05638,102,"n,g",1.056958666,1.042437021,1.042201719,1.056958666,Nd-151,0.000928654,,,,
Nd,60,143,0.12174,107,"n,a",0.020377627,,,0.020377627,Ce-140,,,,,
Nd,60,145,0.08293,107,"n,a",9.73E-05,,,9.73E-05,Ce-142,,,,,
Nd,60,142,0.27152,107,"n,a",4.89E-05,,,4.89E-05,Ce-139,5.83E-08,,,,
Nd,60,148,0.05756,107,"n,a",3.05E-10,,,3.05E-10,Ce-145,,,,,
Nd,60,150,0.05638,107,"n,a",3.96E-16,,,3.96E-16,Ce-147,,,,,
Sm,62,149,0.1382,102,"n,g",40301.99502,40206.1073,40301.99502,40206.1073,Sm-150,,,#DIV/0!,,
Sm,62,152,0.2674,102,"n,g",206.3249213,206.296838,206.1927504,206.3249213,Sm-153,4.16E-06,,,,
Sm,62,150,0.0737,102,"n,g",101.0674611,100.1793386,101.0674611,100.310228,Sm-151,2.44E-10,,,,
Sm,62,147,0.15,102,"n,g",57.25170858,57.08807881,57.25170858,56.93736082,Sm-148,,,,,
Sm,62,154,0.2274,102,"n,g",8.407996106,8.337764709,8.407996106,8.337764709,Sm-155,0.000518047,,,,
Sm,62,148,0.1125,102,"n,g",2.404533086,2.404533086,2.392778532,2.404533086,Sm-149,,,,,
Sm,62,144,0.0308,102,"n,g",1.64330355,1.633007182,1.64330355,1.633007182,Sm-145,2.36E-08,,,,
Sm,62,149,0.1382,107,"n,a",0.041955259,0.041955259,0.031040556,0.041955259,Nd-146,,,,,
Sm,62,147,0.15,107,"n,a",0.000579785,0.000226421,0.000579785,0.000343077,Nd-144,,,,,
Sm,62,144,0.0308,107,"n,a",3.03E-05,,3.03E-05,,Nd-141,,,,,
Sm,62,148,0.1125,107,"n,a",1.28E-05,,1.28E-05,,Nd-145,,,,,
Sm,62,150,0.0737,107,"n,a",8.12E-06,,3.11E-06,8.12E-06,Nd-147,7.31E-07,,,,
Sm,62,152,0.2674,107,"n,a",5.42E-09,,3.74E-10,5.42E-09,Nd-149,0.000111295,,,,
Sm,62,154,0.2274,107,"n,a",6.75E-16,,6.75E-16,,Nd-151,0.000928654,,,,
Sm,62,147,0.15,103,"n,p",1.00E-20,,,1.00E-20,Pm-147,8.38E-09,,,,
Sm,62,148,0.1125,103,"n,p",0,,0,,Pm-148,,,,,
Sm,62,152,0.2674,103,"n,p",0,,,0,Pm-152,,,,,
Eu,63,151,0.4781,102,"n,g",9470.885867,9265.832543,9470.885867,9222.823091,Eu-152,1.62E-09,,#DIV/0!,,
Eu,63,153,0.5219,102,"n,g",358.0003,358.0003,314.0402748,314.0329213,Eu-154,2.56E-09,,,,
Eu,63,151,0.4781,107,"n,a",8.85E-06,8.85E-06,8.85E-06,9.79E-13,Pm-148,,,,,
Eu,63,153,0.5219,107,"n,a",7.18E-07,7.11E-07,7.18E-07,7.18E-07,Pm-150,,,,,
Eu,63,151,0.4781,103,"n,p",9.69E-14,,,9.69E-14,Sm-151,2.44E-10,,,,
Gd,64,157,0.15657,102,"n,g",253930.6,253351.1503,253930.6,253686.5,Gd-158,,252928,-0.003963974,,
Gd,64,155,0.14828,102,"n,g",60897.87188,60897.87188,60733.19484,60886.71,Gd-156,,,#DIV/0!,,
Gd,64,152,0.00204,102,"n,g",738.0032551,735.4099263,738.0032551,735.4178271,Gd-153,3.34E-08,,,,
Gd,64,154,0.02187,102,"n,g",85.34973579,85.34973579,85.20595694,85.34973579,Gd-155,,,,,
Gd,64,158,0.2482,102,"n,g",2.504814703,2.206025784,2.20410535,2.504814703,Gd-159,1.04E-05,,,,
Gd,64,156,0.20493,102,"n,g",1.830091479,1.797868195,1.830091479,1.538524241,Gd-157,,,,,
Gd,64,160,0.21811,102,"n,g",1.412474229,1.412474229,0.786706286,0.771441411,Gd-161,0.003156408,,,,
Gd,64,152,0.00204,107,"n,a",0.007067039,0.006985046,0.007067039,0.006985046,Sm-149,,,,,
Gd,64,157,0.15657,107,"n,a",0.000474882,0.000474882,0.000423534,1.06E-14,Sm-154,,,,,
Gd,64,155,0.14828,107,"n,a",8.99E-05,6.68E-05,8.99E-05,2.57E-14,Sm-152,,,,,
Gd,64,154,0.02187,107,"n,a",1.51E-06,,1.51E-06,,Sm-151,2.44E-10,,,,
Gd,64,156,0.20493,107,"n,a",3.43E-10,,3.43E-10,2.55E-14,Sm-153,4.16E-06,,,,
Gd,64,158,0.2482,107,"n,a",9.05E-12,,9.05E-12,1.07E-14,Sm-155,0.000518047,,,,
Gd,64,160,0.21811,107,"n,a",1.67E-14,,4.43E-15,1.67E-14,Sm-157,,,,,
Gd,64,155,0.14828,103,"n,p",1.91E-20,,,1.91E-20,Eu-155,4.61E-09,,,,
Tb,65,159,1,102,"n,g",23.39407023,23.39407023,23.16898262,23.16898262,Tb-160,1.11E-07,,,,
Tb,65,159,1,107,"n,a",2.17E-09,,2.17E-09,2.17E-09,Eu-156,,,,,
Dy,66,164,0.2826,102,"n,g",2656.592501,2654.914612,2656.160102,2656.592501,Dy-165,8.26E-05,,,,
Dy,66,161,0.18889,102,"n,g",606.0853518,606.0853518,601.1889567,601.3371784,Dy-162,,,,,
Dy,66,162,0.25475,102,"n,g",194.9965938,194.9965938,194.134391,194.2610602,Dy-163,,,,,
Dy,66,163,0.24896,102,"n,g",125.1081307,125.1081307,124.3497671,123.5971779,Dy-164,,,,,
Dy,66,160,0.02329,102,"n,g",56.73496196,55.09451729,56.73496196,55.66439754,Dy-161,,,,,
Dy,66,158,0.00095,102,"n,g",43.15901977,43.15901977,43.02539434,42.92591859,Dy-159,5.56E-08,,,,
Dy,66,156,0.00056,102,"n,g",33.47816375,33.10965358,33.07882746,33.47816375,Dy-157,2.37E-05,,,,
Dy,66,156,0.00056,107,"n,a",0.008931155,,0.000135807,0.008931155,Gd-153,3.34E-08,,,,
Dy,66,158,0.00095,107,"n,a",0.005987018,,1.47E-05,0.005987018,Gd-155,,,,,
Dy,66,161,0.18889,107,"n,a",0.000673431,,0.000673431,,Gd-158,,,,,
Dy,66,160,0.02329,107,"n,a",0.000301191,,9.46E-07,0.000301191,Gd-157,,,,,
Dy,66,163,0.24896,107,"n,a",4.80E-06,,4.80E-06,,Gd-160,,,,,
Dy,66,162,0.25475,107,"n,a",9.61E-07,,9.61E-07,,Gd-159,1.04E-05,,,,
Dy,66,164,0.2826,107,"n,a",2.84E-07,,2.84E-07,1.18E-09,Gd-161,0.003156408,,,,
Dy,66,156,0.00056,103,"n,p",9.37E-18,,9.37E-18,1.00E-20,Tb-156,,,,,
Ho,67,165,1,102,"n,g",64.80946212,64.79437796,64.80946212,64.79437796,Ho-166,1.83E-11,,,,
Ho,67,165,1,107,"n,a",7.72E-10,,7.72E-10,,Tb-162,,,,,
Er,68,167,0.22869,102,"n,g",651.7436302,650.0524973,644.7461398,651.7436302,Er-168,,,,,
Er,68,162,0.00139,102,"n,g",18.94546721,18.94546721,18.94546721,18.94546721,Er-163,0.000154033,,,,
Er,68,166,0.33503,102,"n,g",17.16900554,16.90223467,16.77340514,17.16900554,Er-167,,,,,
Er,68,164,0.01601,102,"n,g",12.9749807,12.9749807,12.89436707,12.89436707,Er-165,1.86E-05,,,,
Er,68,170,0.1491,102,"n,g",8.895203881,8.866832311,8.869462952,8.895203881,Er-171,2.56E-05,,,,
Er,68,168,0.26978,102,"n,g",2.764347587,2.746232201,2.733864678,2.764347587,Er-169,8.53E-07,,,,
Er,68,168,0.26978,107,"n,a",9.01E-05,,,9.01E-05,Dy-165,8.26E-05,,,,
Er,68,167,0.22869,107,"n,a",7.02E-05,,7.02E-05,6.97E-05,Dy-164,,,,,
Er,68,166,0.33503,107,"n,a",6.99E-05,,,6.99E-05,Dy-163,,,,,
Er,68,170,0.1491,107,"n,a",3.49E-11,,,3.49E-11,Dy-167,,,,,
Tm,69,169,1,102,"n,g",105.468731,105.191601,105.468731,105.4534246,Tm-170,6.24E-08,,,,
Tm,69,169,1,107,"n,a",1.00E-05,3.04E-07,5.09E-06,1.00E-05,Ho-166,1.83E-11,,,,
Tm,69,169,1,103,"n,p",1.00E-20,,,1.00E-20,Er-169,8.53E-07,,,,
Yb,70,168,0.00126,102,"n,g",2310.253029,2308.952836,2308.952836,2310.253029,Yb-169,2.51E-07,,,,
Yb,70,174,0.31896,102,"n,g",119.799327,63.30920214,63.30920214,119.799327,Yb-175,1.91E-06,,,,
Yb,70,171,0.14216,102,"n,g",58.58159343,58.40489561,58.40489561,58.58159343,Yb-172,,,,,
Yb,70,173,0.16098,102,"n,g",15.57462525,15.52357219,15.52357219,15.57462525,Yb-174,,,,,
Yb,70,170,0.03023,102,"n,g",9.943741563,9.929962186,9.929962186,9.943741563,Yb-171,,,,,
Yb,70,176,0.12887,102,"n,g",2.835853936,2.827503189,2.827503189,2.835853936,Yb-177,0.000100807,,,,
Yb,70,172,0.21754,102,"n,g",1.314757802,1.314757802,1.314757802,1.29693303,Yb-173,,,,,
Yb,70,168,0.00126,107,"n,a",9.85E-05,,,9.85E-05,Er-165,1.86E-05,,,,
Yb,70,174,0.31896,107,"n,a",2.00E-05,,,2.00E-05,Er-171,2.56E-05,,,,
Yb,70,170,0.03023,107,"n,a",9.93E-06,,,9.93E-06,Er-167,,,,,
Yb,70,171,0.14216,107,"n,a",1.47E-06,,,1.47E-06,Er-168,,,,,
Yb,70,176,0.12887,107,"n,a",1.00E-06,,,1.00E-06,Er-173,,,,,
Yb,70,172,0.21754,107,"n,a",9.99E-07,,,9.99E-07,Er-169,8.53E-07,,,,
Yb,70,173,0.16098,107,"n,a",9.94E-07,,,9.94E-07,Er-170,,,,,
Yb,70,168,0.00126,103,"n,p",1.00E-20,,,1.00E-20,Tm-168,,,,,
Yb,70,171,0.14216,103,"n,p",1.00E-20,,,1.00E-20,Tm-171,1.14E-08,,,,
Lu,71,176,0.02586,102,"n,g",2090.005466,2090.005466,2086.972687,2025.078022,Lu-177,5.00E-08,,,,
Lu,71,175,0.97414,102,"n,g",23.39211202,23.1144218,22.98161785,23.39211202,Lu-176,5.84E-19,,,,
Lu,71,175,0.97414,107,"n,a",6.00E-05,,2.16E-07,6.00E-05,Tm-172,,,,,
Lu,71,176,0.02586,107,"n,a",3.66E-05,,2.86E-05,3.66E-05,Tm-173,,,,,
Lu,71,175,0.97414,103,"n,p",1.00E-20,,,1.00E-20,Yb-175,1.91E-06,,,,
Lu,71,176,0.02586,103,"n,p",1.00E-20,,,1.00E-20,Yb-176,,,,,
Hf,72,174,0.00161,102,"n,g",652.7656724,563.4795875,563.4795875,652.7656724,Hf-175,1.15E-07,,,,
Hf,72,177,0.1858,102,"n,g",372.3987999,372.3987999,372.3987999,371.7488341,Hf-178,,,,,
Hf,72,178,0.2728,102,"n,g",84.17871758,84.06736226,84.17871758,82.95972581,Hf-179,3.20E-07,,,,
Hf,72,179,0.1363,102,"n,g",40.5663863,40.5663863,40.5663863,39.94239516,Hf-180,,,,,
Hf,72,176,0.0524,102,"n,g",22.17185988,22.17185988,22.17185988,16.87522125,Hf-177,,,,,
Hf,72,180,0.3512,102,"n,g",13.08007462,12.94211703,12.94211703,13.08007462,Hf-181,1.89E-07,,,,
Hf,72,177,0.1858,107,"n,a",7.33E-11,,,7.33E-11,Yb-174,,,,,
Ta,73,180,0.0001176,102,"n,g",791.4112617,791.4112617,19.61707192,564.0182873,Ta-181,,,,,
Ta,73,181,0.9998824,102,"n,g",20.95103285,20.95103285,20.49728274,20.7091985,Ta-182,7.01E-08,,,,
Ta,73,180,0.0001176,107,"n,a",0.000421445,6.87E-11,1.32E-08,0.000421445,Lu-177,5.00E-08,,,,
Ta,73,181,0.9998824,107,"n,a",3.75E-05,3.75E-05,6.84E-08,,Lu-178,,,,,
Ta,73,180,0.0001176,103,"n,p",6.87E-11,6.87E-11,8.41E-12,2.72E-15,Hf-180,,,,,
W,74,180,0.0012,102,"n,g",149.5630825,29.70314146,37.6816844,149.5630825,W-181,6.62E-08,,,,
W,74,186,0.2843,102,"n,g",38.36953775,37.95166203,38.157856,38.36953775,W-187,8.12E-06,,,,
W,74,182,0.265,102,"n,g",20.34579794,20.34579794,19.90017503,19.93599679,W-183,,,,,
W,74,183,0.1431,102,"n,g",10.42029909,9.886124958,10.42029909,10.31870152,W-184,,,,,
W,74,184,0.3064,102,"n,g",1.703096197,1.637522273,1.700369459,1.703096197,W-185,1.07E-07,,,,
W,74,180,0.0012,107,"n,a",0.000117982,,0.000117982,4.23E-05,Hf-177,,,,,
W,74,183,0.1431,107,"n,a",3.67E-05,,3.67E-05,,Hf-180,,,,,
W,74,182,0.265,107,"n,a",1.96E-06,,1.96E-06,,Hf-179,3.20E-07,,,,
W,74,184,0.3064,107,"n,a",3.83E-08,,3.83E-08,,Hf-181,1.89E-07,,,,
W,74,186,0.2843,107,"n,a",2.69E-09,,2.69E-09,1.00E-10,Hf-183,,,,,
W,74,180,0.0012,103,"n,p",1.00E-20,,,1.00E-20,Ta-180,2.36E-05,,,,
Re,75,185,0.374,102,"n,g",112.5361722,112.3406906,112.1996215,112.5361722,Re-186,2.16E-06,,,,
Re,75,187,0.626,102,"n,g",76.83458653,76.83458653,76.51838966,76.80359529,Re-188,1.13E-05,,,,
Re,75,185,0.374,107,"n,a",1.00E-05,,5.85E-07,1.00E-05,Ta-182,7.01E-08,,,,
Re,75,187,0.626,107,"n,a",3.68E-08,,1.07E-09,3.68E-08,Ta-184,,,,,
Re,75,185,0.374,103,"n,p",1.00E-20,,,1.00E-20,W-185,1.07E-07,,,,
Os,76,184,0.0002,102,"n,g",3005.465483,3005.465483,3005.465483,1359.291469,Os-185,8.57E-08,,,,
Os,76,187,0.0196,102,"n,g",322.0361116,321.1445705,321.1445705,322.0361116,Os-188,,,,,
Os,76,186,0.0159,102,"n,g",80.19281198,80.19281198,80.19281198,79.92387772,Os-187,,,,,
Os,76,189,0.1615,102,"n,g",25.04055895,25.04055895,25.04055895,24.93331148,Os-190,,,,,
Os,76,190,0.2626,102,"n,g",13.13155615,13.13155615,13.13155615,13.06988745,Os-191,5.21E-07,,,,
Os,76,188,0.1324,102,"n,g",5.524937634,5.524937634,5.524937634,5.483076233,Os-189,,,,,
Os,76,192,0.4078,102,"n,g",3.122278112,3.122278112,3.122278112,3.114925232,Os-193,6.39E-06,,,,
Os,76,184,0.0002,107,"n,a",0.009776147,0.00500911,0.00500911,0.009776147,W-181,6.62E-08,,,,
Os,76,186,0.0159,107,"n,a",0.000450413,0.000450413,0.000450413,9.83E-05,W-183,,,,,
Os,76,187,0.0196,107,"n,a",9.63E-05,5.07E-05,5.07E-05,9.63E-05,W-184,,,,,
Os,76,188,0.1324,107,"n,a",2.99E-05,1.24E-05,1.24E-05,2.99E-05,W-185,1.07E-07,,,,
Os,76,189,0.1615,107,"n,a",2.27E-05,2.27E-05,2.27E-05,9.83E-06,W-186,,,,,
Os,76,190,0.2626,107,"n,a",2.00E-05,1.99E-09,1.99E-09,2.00E-05,W-187,8.12E-06,,,,
Os,76,192,0.4078,107,"n,a",1.50E-15,1.20E-15,1.20E-15,1.50E-15,W-189,,,,,
Os,76,184,0.0002,103,"n,p",1.00E-20,4.72E-21,,1.00E-20,Re-184,,,,,
Os,76,187,0.0196,103,"n,p",1.00E-20,,,1.00E-20,Re-187,,,,,
Ir,77,191,0.3723,102,"n,g",959.6474008,955.9662632,959.6474008,955.9662632,Ir-192,1.09E-07,,,,
Ir,77,193,0.6277,102,"n,g",111.6006105,111.3063989,111.6006105,111.3063989,Ir-194,9.99E-06,,,,
Ir,77,191,0.3723,107,"n,a",5.18E-07,,5.18E-07,,Re-188,1.13E-05,,,,
Ir,77,193,0.6277,107,"n,a",2.19E-11,,2.19E-11,,Re-190,,,,,
Pt,78,190,0.00012,102,"n,g",153.8845461,153.8845461,151.8142915,153.4658831,Pt-191,2.81E-06,,,,
Pt,78,195,0.33775,102,"n,g",30.82023623,27.64262657,30.82023623,27.58715786,Pt-196,,,,,
Pt,78,192,0.00782,102,"n,g",10.11243672,10.04477375,10.11243672,10.05053657,Pt-193,4.39E-10,,,,
Pt,78,198,0.07356,102,"n,g",3.606938847,3.606938847,3.309421417,3.606043621,Pt-199,0.00037508,,,,
Pt,78,194,0.32864,102,"n,g",1.44071301,1.44071301,1.432756977,1.436965138,Pt-195,2.00E-06,,,,
Pt,78,196,0.25211,102,"n,g",0.752890671,0.574827459,0.752890671,0.573643693,Pt-197,9.68E-06,,,,
Pt,78,190,0.00012,107,"n,a",0.011120344,0.011120344,0.001553529,0.007776636,Os-187,,,,,
Pt,78,192,0.00782,107,"n,a",0.000199003,0.000114155,8.55E-07,0.000199003,Os-189,,,,,
Pt,78,195,0.33775,107,"n,a",0.000110113,0.000110113,1.36E-06,4.98E-06,Os-192,,,,,
Pt,78,194,0.32864,107,"n,a",5.01E-06,1.37E-06,6.75E-10,5.01E-06,Os-191,5.21E-07,,,,
Pt,78,196,0.25211,107,"n,a",8.15E-08,8.15E-08,1.50E-12,2.47E-12,Os-193,6.39E-06,,,,
Pt,78,198,0.07356,107,"n,a",1.28E-09,1.28E-09,3.07E-16,3.05E-15,Os-195,,,,,
Pt,78,190,0.00012,103,"n,p",1.00E-20,,,1.00E-20,Ir-190,,,,,
Au,79,197,1,102,"n,g",98.84744746,98.84744746,98.84744746,98.84744746,Au-198,2.98E-06,,,,
Au,79,197,1,107,"n,a",7.47E-09,,7.47E-09,4.21E-21,Ir-194,9.99E-06,,,,
Au,79,197,1,103,"n,p",4.21E-21,,,4.21E-21,Pt-197,9.68E-06,,,,
Hg,80,196,0.0015,102,"n,g",3083.99493,3083.99493,3083.99493,3083.99493,Hg-197,3.00E-06,,,,
Hg,80,199,0.1694,102,"n,g",2155.742431,2153.613043,2153.613043,2155.742431,Hg-200,,,,,
Hg,80,200,0.2314,102,"n,g",29.84108,1.445346287,1.438034388,29.84108,Hg-201,,,,,
Hg,80,201,0.1317,102,"n,g",7.796541433,4.911450576,7.796541433,4.856311466,Hg-202,,,,,
Hg,80,202,0.2974,102,"n,g",4.96283293,4.96283293,4.961831507,4.919044,Hg-203,1.72E-07,,,,
Hg,80,198,0.1004,102,"n,g",1.996052485,1.988861474,1.988861474,1.996052485,Hg-199,,,,,
Hg,80,204,0.0682,102,"n,g",0.435270827,0.431032685,0.435270827,0.431032685,Hg-205,0.002247559,,,,
Hg,80,196,0.0015,107,"n,a",0.000292413,1.70E-05,0.000292413,1.70E-05,Pt-193,4.39E-10,,,,
Hg,80,199,0.1694,107,"n,a",6.49E-05,9.59E-07,6.49E-05,6.32E-05,Pt-196,,,,,
Hg,80,202,0.2974,107,"n,a",1.32E-08,1.32E-08,1.84E-14,3.85E-13,Pt-199,0.00037508,,,,
Hg,80,198,0.1004,107,"n,a",2.91E-09,2.91E-09,1.74E-09,1.32E-09,Pt-195,2.00E-06,,,,
Hg,80,201,0.1317,107,"n,a",2.42E-09,3.03E-10,2.42E-09,1.12E-09,Pt-198,,,,,
Hg,80,196,0.0015,103,"n,p",8.80E-11,8.80E-11,,8.80E-11,Au-196,1.30E-06,,,,
Hg,80,200,0.2314,107,"n,a",5.70E-12,,5.28E-12,5.70E-12,Pt-197,9.68E-06,,,,
Hg,80,199,0.1694,103,"n,p",1.01E-20,,,1.01E-20,Au-199,,,,,
Hg,80,204,0.0682,107,"n,a",8.89E-21,,8.89E-21,,Pt-201,,,,,
Tl,81,203,0.2959,102,"n,g",11.54065936,11.42777038,11.42777038,11.54065936,Tl-204,5.81E-09,,,,
Tl,81,205,0.7056,102,"n,g",0.130704449,0.130704449,0.130704449,0.104059321,Tl-206,0.002750584,,,,
Tl,81,203,0.2959,107,"n,a",1.25E-09,,2.55E-10,1.25E-09,Au-200,,,,,
Tl,81,205,0.7056,107,"n,a",2.48E-14,,9.74E-15,2.48E-14,Au-202,,,,,
Tl,81,203,0.2959,103,"n,p",1.00E-20,,,1.00E-20,Hg-203,1.72E-07,,,,
Pb,82,207,0.2351,102,"n,g",0.71314741,0.71314741,0.651440734,0.622505843,Pb-208,,,,,
Pb,82,204,0.0158,102,"n,g",0.705964899,0.663671392,0.705964899,0.704528773,Pb-205,1.44E-15,,,,
Pb,82,206,0.8673,102,"n,g",0.029080507,0.026565453,0.029080507,0.026669089,Pb-207,,,,,
Pb,82,208,0.9775,102,"n,g",0.000234791,0.000234791,0.000231259,0.000231259,Pb-209,5.92E-05,,,,
Pb,82,208,0.9775,107,"n,a",3.58E-06,,3.58E-06,3.58E-06,Hg-205,0.002247559,,,,
Pb,82,204,0.0158,107,"n,a",1.82E-07,1.48E-07,1.82E-07,1.47E-07,Hg-201,,,,,
Pb,82,207,0.2351,107,"n,a",4.09E-08,,4.09E-08,4.09E-08,Hg-204,,,,,
Pb,82,206,0.8673,107,"n,a",6.49E-10,,6.49E-10,6.49E-10,Hg-203,1.72E-07,,,,
Pb,82,204,0.0158,103,"n,p",1.00E-20,1.00E-20,1.26E-22,1.00E-20,Tl-204,5.81E-09,,,,
Bi,83,209,1,102,"n,g",0.034258984,0.033865163,0.034258984,0.034258984,Bi-210,1.60E-06,,,,
Bi,83,209,1,107,"n,a",3.01E-09,6.37E-14,3.01E-09,,Tl-206,0.002750584,,,,
Bi,83,209,1,103,"n,p",1.95E-14,1.95E-14,,,Pb-209,5.92E-05,,,,
Th,90,232,0.9998,102,"n,g",7.349807535,7.349807535,7.343024359,7.349807535,Th-233,0.000518047,,,,
U,92,234,5.40E-05,102,"n,g",101.082947,101.082947,100.4870153,101.082947,U-235,,,,,
U,92,235,0.007204,102,"n,g",99.88488057,99.71609569,99.67137495,99.88488057,U-236,9.39E-16,,,,
U,92,238,0.992742,102,"n,g",2.687348482,2.687281574,2.687281574,2.687348482,U-239,0.000492642,,,,
U,92,235,0.007204,107,"n,a",0.000285463,0.000285463,,,Th-232,,,,,
U,92,238,0.992742,107,"n,a",2.62E-07,2.62E-07,,,Th-235,,,,,
